[
  {
    "name": "getAmountsOut",
    "type": "function",
    "inputs": [
      { "internalType": "uint256", "name": "amountIn", "type": "uint256" },
      { "internalType": "address[]", "name": "path", "type": "address[]" }
    ],
    "outputs": [
      { "internalType": "uint256[]", "name": "amounts", "type": "uint256[]" }
    ],
    "stateMutability": "view"
  },
  {
    "name": "factory",
    "type": "function",
    "inputs": [],
    "outputs": [{ "internalType": "address", "name": "", "type": "address" }],
    "stateMutability": "view"
  }
]